nombre,apellidos,email,contrasena,telefono,fechaNacimiento
María,Gómez,maría0@empresa.com,password123,656426553,1987-05-29
Luis,Fernández,luis1@gmail.com,password123,667288120,2016-02-11
Juan,Fernández,juan2@empresa.com,password123,684826078,2018-07-17
Luis,Rodríguez,luis3@gmail.com,password123,641013811,1984-03-15
Miguel,García,miguel4@gmail.com,password123,662358599,1990-10-11
María,Pérez,maría5@empresa.com,password123,636901135,1989-09-15
Ana,Rodríguez,ana6@gmail.com,password123,659967710,1985-04-24
Pedro,Rodríguez,pedro7@gmail.com,password123,683054237,2009-12-28
Ana,Gómez,ana8@gmail.com,password123,618637842,2009-06-22
Lucía,Sánchez,lucía9@empresa.com,password123,676157259,1971-04-30
Pedro,Martínez,pedro10@gmail.com,password123,676580872,2006-10-04
María,García,maría11@empresa.com,password123,654502182,1999-05-03
Luis,Sánchez,luis12@empresa.com,password123,612533754,1999-01-03
Lucía,García,lucía13@hotmail.com,password123,634951614,1994-06-27
Juan,López,juan14@empresa.com,password123,627896022,1984-04-13
Lucía,Sánchez,lucía15@hotmail.com,password123,614063024,2007-03-11
María,García,maría16@empresa.com,password123,612144214,2002-04-28
Luis,García,luis17@hotmail.com,password123,666345565,2008-09-25
Miguel,Gómez,miguel18@gmail.com,password123,643632237,2018-12-24
María,Sánchez,maría19@hotmail.com,password123,649177306,2000-08-02
Lucía,Pérez,lucía20@hotmail.com,password123,675319379,1973-09-19
Sofía,Martínez,sofía21@empresa.com,password123,615966704,1996-10-06
Pedro,Sánchez,pedro22@empresa.com,password123,676538468,1981-05-19
María,García,maría23@hotmail.com,password123,627382707,1980-05-26
Juan,Martínez,juan24@gmail.com,password123,645440064,1996-09-27
Luis,Martínez,luis25@hotmail.com,password123,624988563,2003-05-02
Miguel,García,miguel26@gmail.com,password123,672805570,1996-06-16
Laura,Rodríguez,laura27@empresa.com,password123,651372733,2004-04-29
Carlos,Martínez,carlos28@hotmail.com,password123,648105302,1974-06-04
Miguel,Pérez,miguel29@gmail.com,password123,655943165,1976-10-07
Luis,Sánchez,luis30@gmail.com,password123,680852196,2013-02-12
Luis,Fernández,luis31@hotmail.com,password123,649365756,1997-02-23
Pedro,Pérez,pedro32@gmail.com,password123,666731791,2010-03-01
Miguel,García,miguel33@empresa.com,password123,639677240,2000-09-09
María,Rodríguez,maría34@empresa.com,password123,666507046,1999-06-28
Laura,Gómez,laura35@empresa.com,password123,625605416,1999-10-27
Sofía,López,sofía36@gmail.com,password123,611009280,2006-07-29
María,Sánchez,maría37@gmail.com,password123,610727451,2014-05-06
Miguel,Gómez,miguel38@hotmail.com,password123,679031571,2010-12-31
Miguel,Sánchez,miguel39@empresa.com,password123,627036289,2012-08-15
Laura,Fernández,laura40@empresa.com,password123,687065849,1998-10-02
Ana,López,ana41@hotmail.com,password123,640556369,2012-03-04
Laura,Pérez,laura42@gmail.com,password123,666971646,1976-07-12
Miguel,Rodríguez,miguel43@gmail.com,password123,635158167,1984-06-08
Luis,Gómez,luis44@hotmail.com,password123,657586432,1971-04-23
Ana,López,ana45@empresa.com,password123,663100230,2001-12-28
Lucía,Pérez,lucía46@empresa.com,password123,668732555,2010-08-30
Miguel,Rodríguez,miguel47@empresa.com,password123,635425974,2018-01-27
Ana,Pérez,ana48@gmail.com,password123,642645426,1988-03-08
Pedro,Sánchez,pedro49@hotmail.com,password123,657360125,1987-03-08
Laura,García,laura50@hotmail.com,password123,619819259,1986-05-26
Miguel,Fernández,miguel51@hotmail.com,password123,692268273,1991-04-10
Luis,López,luis52@empresa.com,password123,681257362,1994-03-01
Carlos,García,carlos53@gmail.com,password123,689517636,2004-04-27
Ana,Sánchez,ana54@empresa.com,password123,660218669,1978-01-28
Juan,Pérez,juan55@empresa.com,password123,659371645,1993-05-26
Ana,Sánchez,ana56@empresa.com,password123,643814684,1985-10-18
María,Rodríguez,maría57@empresa.com,password123,699417429,1998-05-21
Lucía,Fernández,lucía58@hotmail.com,password123,689752919,1979-01-29
Pedro,García,pedro59@hotmail.com,password123,624085785,2017-06-07
María,López,maría60@gmail.com,password123,619158387,1989-11-26
Pedro,Martínez,pedro61@hotmail.com,password123,693285241,1979-03-23
Sofía,García,sofía62@gmail.com,password123,627218690,1976-10-21
Ana,López,ana63@empresa.com,password123,657711687,1974-01-12
Carlos,García,carlos64@hotmail.com,password123,653652141,2009-03-19
Luis,Rodríguez,luis65@empresa.com,password123,622460790,2009-08-27
Miguel,García,miguel66@hotmail.com,password123,621520211,2018-11-21
María,Pérez,maría67@gmail.com,password123,693196138,2000-07-10
Luis,Martínez,luis68@hotmail.com,password123,642955126,2008-02-02
Lucía,Sánchez,lucía69@empresa.com,password123,625911720,1984-08-20
Lucía,Martínez,lucía70@empresa.com,password123,619961473,1983-10-14
Laura,Pérez,laura71@empresa.com,password123,641592023,2016-08-21
Sofía,Sánchez,sofía72@empresa.com,password123,612824352,2011-06-08
Ana,Martínez,ana73@gmail.com,password123,680370756,2015-09-28
Ana,Martínez,ana74@gmail.com,password123,656797049,1975-11-05
Ana,García,ana75@hotmail.com,password123,610801267,2018-08-09
Juan,García,juan76@empresa.com,password123,617022851,1979-09-24
Sofía,Gómez,sofía77@gmail.com,password123,690468226,2009-05-09
Juan,Gómez,juan78@empresa.com,password123,616429505,2019-01-27
María,Pérez,maría79@gmail.com,password123,629447732,1972-06-26
Miguel,Sánchez,miguel80@hotmail.com,password123,631748635,1973-03-10
Lucía,Martínez,lucía81@empresa.com,password123,647979677,2008-11-10
Carlos,Rodríguez,carlos82@empresa.com,password123,689488409,1973-03-16
Laura,López,laura83@hotmail.com,password123,631414939,1997-12-01
Pedro,López,pedro84@empresa.com,password123,689968895,1980-03-16
Ana,Gómez,ana85@hotmail.com,password123,686403353,1990-02-02
Sofía,Rodríguez,sofía86@hotmail.com,password123,634470698,2003-06-09
Miguel,Rodríguez,miguel87@hotmail.com,password123,623768938,1985-06-22
María,Rodríguez,maría88@hotmail.com,password123,693393443,2009-12-26
Pedro,Gómez,pedro89@empresa.com,password123,689585827,2017-03-22
Miguel,Martínez,miguel90@empresa.com,password123,673348658,2011-07-01
Luis,Sánchez,luis91@empresa.com,password123,647141848,2007-05-15
Ana,Fernández,ana92@gmail.com,password123,694752016,2016-07-20
María,Rodríguez,maría93@gmail.com,password123,654911233,2000-09-21
Sofía,García,sofía94@gmail.com,password123,681876320,2010-05-13
Pedro,Fernández,pedro95@hotmail.com,password123,677202477,2012-11-04
Ana,Pérez,ana96@gmail.com,password123,674312979,1988-04-20
Miguel,Gómez,miguel97@empresa.com,password123,670999657,2014-10-03
Ana,Pérez,ana98@empresa.com,password123,689585716,1987-05-15
Laura,Pérez,laura99@empresa.com,password123,624745560,2006-06-29
